student_id,name,email,join_date

1,Saranya R,saranya1@gmail.com,2023-09-01
2,Anitha K,anitha2@gmail.com,2023-09-02
3,Priya S,priya3@gmail.com,2023-09-03
4,Kavya M,kavya4@gmail.com,2023-09-04
5,Divya P,divya5@gmail.com,2023-09-05
6,Meena T,meena6@gmail.com,2023-09-06
7,Nithya R,nithya7@gmail.com,2023-09-07
8,Keerthi S,keerthi8@gmail.com,2023-09-08
9,Sangeetha K,sangeetha9@gmail.com,2023-09-09
10,Pavithra M,pavithra10@gmail.com,2023-09-10
11,Aarthi R,aarthi11@gmail.com,2023-09-11
12,Lakshmi S,lakshmi12@gmail.com,2023-09-12
13,Harini K,harini13@gmail.com,2023-09-13
14,Janani P,janani14@gmail.com,2023-09-14
15,Monisha T,monisha15@gmail.com,2023-09-15
16,Swathi R,swathi16@gmail.com,2023-09-16
17,Deepa S,deepa17@gmail.com,2023-09-17
18,Sindhu K,sindhu18@gmail.com,2023-09-18
19,Rithika M,rithika19@gmail.com,2023-09-19
20,Bhavya P,bhavya20@gmail.com,2023-09-20
21,Nandhini R,nandhini21@gmail.com,2023-09-21
22,Preethi S,preethi22@gmail.com,2023-09-22
23,Yamuna K,yamuna23@gmail.com,2023-09-23
24,Aishwarya M,aishu24@gmail.com,2023-09-24
25,Sneha P,sneha25@gmail.com,2023-09-25
26,Varsha R,varsha26@gmail.com,2023-09-26
27,Ranjitha S,ranjitha27@gmail.com,2023-09-27
28,Sandhiya K,sandhiya28@gmail.com,2023-09-28
29,Mahalakshmi M,maha29@gmail.com,2023-09-29
30,Gayathri P,gayathri30@gmail.com,2023-09-30
31,Shalini R,shalini31@gmail.com,2023-10-01
32,Anjali S,anjali32@gmail.com,2023-10-02
33,Poornima K,poorni33@gmail.com,2023-10-03
34,Dhivya M,dhivya34@gmail.com,2023-10-04
35,Kalpana P,kalpana35@gmail.com,2023-10-05
36,Revathi R,revathi36@gmail.com,2023-10-06
37,Uma S,uma37@gmail.com,2023-10-07
38,Radha K,radha38@gmail.com,2023-10-08
39,Abinaya M,abinaya39@gmail.com,2023-10-09
40,Kowsalya P,kowsalya40@gmail.com,2023-10-10
41,Sowmiya R,sowmiya41@gmail.com,2023-10-11
42,Hema S,hema42@gmail.com,2023-10-12
43,Latha K,latha43@gmail.com,2023-10-13
44,Iswarya M,iswarya44@gmail.com,2023-10-14
45,Madhumitha P,madhu45@gmail.com,2023-10-15
46,Krithika R,krithi46@gmail.com,2023-10-16
47,Thenmozhi S,thenmozhi47@gmail.com,2023-10-17
48,Rajalakshmi K,raji48@gmail.com,2023-10-18
49,Vidhya M,vidhya49@gmail.com,2023-10-19
50,Anusuya P,anusuya50@gmail.com,2023-10-20
